file_path,router_name,method,path,handler,decorator_line,handler_start_line,handler_end_line,tags,response_model,status_code,auth_required,db_tables,external_calls
backend\agents\tools\ocr_complex\api.py,app,GET,/health,health,24,25,26,,,,True,,
backend\agents\tools\ocr_complex\api.py,app,POST,/process,process_file,29,30,51,,,,True,,
backend\agents\tools\ocr_complex\api.py,app,POST,/batch,process_batch,54,55,70,,,,True,,
backend\api\system.py,app,GET,/,root,18,19,27,,,,True,,
backend\api\system.py,app,GET,/health,health_check,30,31,56,,,,True,,
backend\api\v1\admin.py,app,GET,/admin/stats,get_system_stats,51,52,128,,StatsResponse,,True,,
backend\api\v1\admin.py,app,POST,/admin/cleanup,trigger_cleanup,131,132,178,,,,True,,
backend\api\v1\admin.py,app,POST,/admin/reindex,trigger_reindexing,181,182,258,,,,True,,
backend\api\v1\admin.py,app,POST,/admin/backup,trigger_backup,261,262,307,,,,True,,
backend\api\v1\admin.py,app,GET,/admin/logs,get_system_logs,310,311,351,,,,True,,
backend\api\v1\admin.py,app,POST,/admin/maintenance,toggle_maintenance_mode,354,355,389,,,,True,,
backend\api\v1\admin.py,app,GET,/admin/feature-flags,get_feature_flags_endpoint,392,393,411,,,,True,,
backend\api\v1\admin.py,app,POST,/admin/feature-flags,update_feature_flag_endpoint,414,415,444,,,,True,,
backend\api\v1\admin.py,app,GET,/admin/users,get_user_stats,447,448,476,,,,True,,
backend\api\v1\admin.py,app,POST,/admin/jobs/schedule,schedule_job,479,480,506,,,,True,,
backend\api\v1\admin.py,app,GET,/admin/system/info,get_system_info,509,510,544,,,,True,,
backend\api\v1\agents.py,app,POST,/execute,execute_agent,199,200,256,,AgentResponse,,True,,
backend\api\v1\agents.py,app,GET,,list_agents_root,259,260,261,,,,True,,
backend\api\v1\agents.py,app,GET,/agents,list_agents,264,265,273,,,,True,,
backend\api\v1\agents.py,app,GET,/{agent_name},get_agent_info_root,276,277,278,,AgentInfoResponse,,True,,
backend\api\v1\agents.py,app,GET,/agents/{agent_name},get_agent_info,281,282,296,,AgentInfoResponse,,True,,
backend\api\v1\agents.py,app,GET,/stats,get_dispatcher_stats,299,300,308,,DispatcherStatsResponse,,True,,
backend\api\v1\agents.py,app,GET,/history,get_request_history,311,312,341,,,,True,,
backend\api\v1\agents.py,app,GET,/health,health_check,344,345,392,,HealthResponse,,True,,
backend\api\v1\agents.py,app,POST,/context/load,load_context,395,396,421,,,,True,,
backend\api\v1\agents.py,app,POST,/batch-execute,batch_execute_agents,424,425,479,,,,True,,
backend\api\v1\agents.py,app,DELETE,/history,clear_history,482,483,501,,,,True,,
backend\api\v1\agents_stream.py,app,POST,/execute/stream,execute_agent_stream,123,124,164,,,,True,,
backend\api\v1\agents_stream.py,app,POST,/execute,execute_agent,167,168,235,,AgentResponse,,True,,
backend\api\v1\agents_stream.py,app,GET,/status/{session_id},get_session_status,238,239,290,,,,True,,
backend\api\v1\agents_stream.py,app,GET,/sessions,list_sessions,293,294,336,,,,True,,
backend\api\v1\agents_stream.py,app,POST,/sessions/{session_id}/cancel,cancel_session,339,340,381,,,,True,,
backend\api\v1\agents_stream.py,app,GET,,list_available_agents_root,384,385,386,,,,True,,
backend\api\v1\agents_stream.py,app,GET,/agents,list_available_agents,389,390,414,,,,True,,
backend\api\v1\agents_stream.py,app,GET,/health,get_agent_health,417,418,445,,,,True,,
backend\api\v1\ai_inference.py,app,POST,/inference,single_inference,210,211,438,,InferenceResponseModel,,True,,
backend\api\v1\ai_inference.py,app,POST,/batch-inference,batch_inference,441,442,556,,BatchInferenceResponseModel,,True,,
backend\api\v1\ai_inference.py,app,GET,/status,get_status,641,642,699,,StatusResponseModel,,True,,
backend\api\v1\ai_inference.py,app,GET,/providers,get_providers,702,703,731,,,,True,,
backend\api\v1\ai_inference.py,app,POST,/clear-cache,clear_cache,734,735,769,,,,True,,
backend\api\v1\ai_inference.py,app,GET,/analytics,get_analytics,772,773,808,,,,True,,
backend\api\v1\ai_proxy.py,app,POST,/generate,generate_content,25,26,109,,,,True,,
backend\api\v1\ai_proxy.py,app,GET,/models,list_models,112,113,129,,,,True,,
backend\api\v1\ai_proxy.py,app,GET,/usage,get_usage_stats,132,133,148,,,,True,,
backend\api\v1\analytics.py,app,GET,/usage,get_usage_stats,88,90,192,,UsageStatsResponse,,True,,
backend\api\v1\analytics.py,app,GET,/performance,get_performance_metrics,195,197,320,,PerformanceResponse,,True,,
backend\api\v1\analytics.py,app,GET,/costs,get_cost_breakdown,323,325,467,,CostResponse,,True,,
backend\api\v1\analytics.py,app,GET,/campaigns/{campaign_id}/performance,get_campaign_performance,470,473,633,,CampaignMetricsResponse,,True,,
backend\api\v1\analytics.py,app,GET,/workspaces/{workspace_id},get_workspace_analytics,636,638,807,,WorkspaceAnalyticsResponse,,True,,
backend\api\v1\analytics.py,app,GET,/dashboard,get_dashboard_analytics,810,811,896,,,,True,,
backend\api\v1\analytics_v2.py,app,GET,/moves,get_moves_performance,26,27,64,,ModulePerformance,,True,,
backend\api\v1\analytics_v2.py,app,GET,/muse,get_muse_performance,67,68,100,,ModulePerformance,,True,,
backend\api\v1\approvals.py,app,GET,/pending,list_pending_approvals,97,98,148,,ApprovalListResponse,,True,,
backend\api\v1\approvals.py,app,POST,/{gate_id}/approve,approve_request,151,152,213,,ApprovalDecisionResponse,,True,,
backend\api\v1\approvals.py,app,POST,/{gate_id}/reject,reject_request,216,217,281,,ApprovalDecisionResponse,,True,,
backend\api\v1\approvals.py,app,GET,/{gate_id}/status,get_approval_status,284,285,334,,ApprovalStatusResponse,,True,,
backend\api\v1\approvals.py,app,POST,/create,create_approval_gate,337,338,400,,ApprovalCreateResponse,,True,,
backend\api\v1\approvals.py,app,GET,/history,get_approval_history,403,404,467,,,,True,,
backend\api\v1\approvals.py,app,GET,/analytics,get_approval_analytics,470,471,539,,,,True,,
backend\api\v1\approvals.py,app,DELETE,/{gate_id},cancel_approval,542,543,580,,,,True,,
backend\api\v1\audit.py,app,GET,/audit/trail,get_audit_trail,17,18,84,,,,True,,
backend\api\v1\audit.py,app,GET,/audit/user/{user_id},get_user_audit_trail,87,88,122,,,,True,,
backend\api\v1\audit.py,app,GET,/audit/stats,get_audit_statistics,125,126,212,,,,True,,
backend\api\v1\audit.py,app,GET,/audit/compliance,get_compliance_report,215,216,365,,,,True,,
backend\api\v1\audit.py,app,POST,/audit/export,export_audit_data,368,369,429,,,,True,,
backend\api\v1\bcm_endpoints.py,app,POST,/create,create_bcm,113,114,138,,BCMCreateResponse,,True,,
backend\api\v1\bcm_endpoints.py,app,GET,/{workspace_id},get_bcm,141,142,169,,BusinessContextManifest,,True,,
backend\api\v1\bcm_endpoints.py,app,GET,/{workspace_id}/info,get_bcm_info,172,173,188,,BCMInfoResponse,,True,,
backend\api\v1\bcm_endpoints.py,app,GET,/{workspace_id}/history,get_bcm_history,191,192,213,,,,True,,
backend\api\v1\bcm_endpoints.py,app,GET,/{workspace_id}/versions,get_bcm_versions,216,217,244,,,,True,,
backend\api\v1\bcm_endpoints.py,app,POST,/{workspace_id}/cleanup,cleanup_bcm,247,248,269,,BCMCleanupResponse,,True,,
backend\api\v1\bcm_endpoints.py,app,DELETE,/{workspace_id},delete_bcm,272,273,305,,,,True,,
backend\api\v1\bcm_endpoints.py,app,GET,/{workspace_id}/export,export_bcm,308,309,341,,,,True,,
backend\api\v1\bcm_endpoints.py,app,POST,/{workspace_id}/validate,validate_bcm,344,345,367,,,,True,,
backend\api\v1\bcm_endpoints.py,app,GET,/health,health_check,370,371,381,,BCMHealthResponse,,True,,
backend\api\v1\bcm_endpoints.py,app,GET,/metrics,get_metrics,384,385,395,,,,True,,
backend\api\v1\bcm_endpoints.py,app,GET,/workspaces,list_workspaces_with_bcm,398,399,411,,,,True,,
backend\api\v1\bcm_endpoints.py,app,POST,/batch-create,batch_create_bcms,414,415,447,,,,True,,
backend\api\v1\bcm_endpoints.py,app,GET,/{workspace_id}/integrity,verify_integrity,450,451,466,,,,True,,
backend\api\v1\blackbox.py,app,POST,/generate,generate_strategy,100,101,197,,StrategyResponse,,True,,
backend\api\v1\blackbox.py,app,GET,/strategies,list_strategies,200,201,260,,StrategyListResponse,,True,,
backend\api\v1\blackbox.py,app,GET,/strategies/{strategy_id},get_strategy,263,264,289,,,,True,,
backend\api\v1\blackbox.py,app,POST,/strategies/{strategy_id}/accept,accept_strategy,292,293,352,,StrategyAcceptResponse,,True,,
backend\api\v1\blackbox.py,app,POST,/strategies/{strategy_id}/reject,reject_strategy,355,356,391,,,,True,,
backend\api\v1\blackbox.py,app,DELETE,/strategies/{strategy_id},delete_strategy,394,395,429,,,,True,,
backend\api\v1\business_contexts.py,app,POST,,create_business_context,25,28,87,,BusinessContextResponse,,True,,
backend\api\v1\campaigns.py,app,GET,/,list_campaigns,48,49,85,,,,True,,
backend\api\v1\campaigns.py,app,POST,/,create_campaign,88,89,194,,,,True,,
backend\api\v1\campaigns.py,app,GET,/{campaign_id},get_campaign,197,198,219,,,,True,,
backend\api\v1\campaigns.py,app,PUT,/{campaign_id},update_campaign,222,223,299,,,,True,,
backend\api\v1\campaigns.py,app,DELETE,/{campaign_id},delete_campaign,302,303,335,,,,True,,
backend\api\v1\campaigns.py,app,GET,/{campaign_id}/moves,get_campaign_moves,338,339,366,,,,True,,
backend\api\v1\campaigns.py,app,POST,/{campaign_id}/add-move,add_move_to_campaign,369,370,417,,,,True,,
backend\api\v1\campaigns.py,app,POST,/{campaign_id}/launch,launch_campaign,420,421,446,,,,True,,
backend\api\v1\campaigns.py,app,POST,/{campaign_id}/pause,pause_campaign,449,450,475,,,,True,,
backend\api\v1\campaigns.py,app,POST,/{campaign_id}/complete,complete_campaign,478,479,504,,,,True,,
backend\api\v1\campaigns.py,app,GET,/{campaign_id}/stats,get_campaign_stats,507,508,526,,,,True,,
backend\api\v1\campaigns.py,app,GET,/{campaign_id}/roi,get_campaign_roi,529,530,548,,,,True,,
backend\api\v1\campaigns.py,app,GET,/{campaign_id}/timeline,get_campaign_timeline,551,552,570,,,,True,,
backend\api\v1\campaigns.py,app,POST,/{campaign_id}/duplicate,duplicate_campaign,573,574,604,,,,True,,
backend\api\v1\campaigns.py,app,POST,/{campaign_id}/archive,archive_campaign,607,608,632,,,,True,,
backend\api\v1\campaigns.py,app,GET,/calendar/events,get_campaign_calendar,635,636,672,,,,True,,
backend\api\v1\campaigns_new.py,app,POST,/create,create_campaign,38,39,70,,CampaignResponse,,True,,
backend\api\v1\campaigns_new.py,app,GET,/list,list_campaigns,72,73,94,,CampaignListResponse,,True,,
backend\api\v1\campaigns_new.py,app,POST,/execute/{campaign_id},execute_campaign,96,97,119,,CampaignResponse,,True,,
backend\api\v1\cognitive.py,app,GET,/,root,208,209,218,,,,True,,
backend\api\v1\cognitive.py,app,GET,/health,health_check,221,222,262,,HealthCheckResponse,,True,,
backend\api\v1\cognitive.py,app,GET,/metrics,get_metrics,265,266,310,,MetricsResponse,,True,,
backend\api\v1\cognitive.py,app,POST,/process,process_cognitive,313,314,410,,CognitiveResponse,,True,,
backend\api\v1\cognitive.py,app,POST,/perception,process_perception,413,414,433,,,,True,,
backend\api\v1\cognitive.py,app,POST,/planning,process_planning,436,437,464,,,,True,,
backend\api\v1\cognitive.py,app,POST,/reflection,process_reflection,467,468,490,,,,True,,
backend\api\v1\cognitive.py,app,POST,/critic,process_critic,493,494,515,,,,True,,
backend\api\v1\cognitive.py,app,POST,/approvals,get_pending_approvals,518,519,549,,,,True,,
backend\api\v1\cognitive.py,app,POST,/approvals/{approval_id}/respond,respond_approval,552,555,575,,,,True,,
backend\api\v1\cognitive.py,app,GET,/cache/stats,get_cache_stats,578,579,590,,,,True,,
backend\api\v1\cognitive.py,app,DELETE,/cache/clear,clear_cache,593,594,607,,,,True,,
backend\api\v1\cognitive.py,app,GET,/trace/{trace_id},get_trace,610,611,631,,,,True,,
backend\api\v1\cognitive.py,app,GET,/versions,get_versions,634,635,646,,,,True,,
backend\api\v1\cognitive.py,app,GET,/services,get_services,649,650,663,,,,True,,
backend\api\v1\cognitive.py,app,GET,/rules,get_routing_rules,666,667,676,,,,True,,
backend\api\v1\config.py,app,GET,/status,get_config_status,67,68,87,,ConfigStatusResponse,,True,,
backend\api\v1\config.py,app,GET,/health,get_config_health,90,91,135,,ConfigHealthResponse,,True,,
backend\api\v1\config.py,app,POST,/reload,reload_configuration,138,139,157,,ConfigReloadResponse,,True,,
backend\api\v1\config.py,app,GET,/validate,validate_configuration,160,161,176,,,,True,,
backend\api\v1\config.py,app,GET,/rate-limit/stats/{user_id},get_rate_limit_stats,179,180,202,,RateLimitStatsResponse,,True,,
backend\api\v1\config.py,app,GET,/docs,get_configuration_docs,205,206,218,,,,True,,
backend\api\v1\config.py,app,GET,/current,get_current_config,221,222,253,,,,True,,
backend\api\v1\context.py,app,POST,/rebuild,rebuild_bcm,49,50,105,,ManifestResponse,,True,,
backend\api\v1\context.py,app,GET,/manifest,get_manifest,108,109,174,,ManifestResponse,,True,,
backend\api\v1\context.py,app,GET,/history,get_version_history,177,178,219,,VersionHistoryResponse,,True,,
backend\api\v1\context.py,app,GET,/export,export_manifest,222,223,272,,,,True,,
backend\api\v1\context.py,app,GET,/stats,get_cache_stats,275,276,323,,,,True,,
backend\api\v1\context.py,app,GET,/health,health_check,326,327,353,,,,True,,
backend\api\v1\council.py,app,POST,/execute,execute_council,39,40,102,,CouncilResponse,,True,,
backend\api\v1\daily_wins.py,app,POST,/generate,generate_daily_win,83,84,214,,DailyWinsResponse,,True,,
backend\api\v1\daily_wins.py,app,GET,/,list_daily_wins,217,218,257,,DailyWinsListResponse,,True,,
backend\api\v1\daily_wins.py,app,POST,/{win_id}/mark-posted,mark_win_as_posted,260,261,305,,,,True,,
backend\api\v1\daily_wins.py,app,GET,/analytics,get_daily_wins_analytics,308,309,336,,,,True,,
backend\api\v1\dashboard.py,app,GET,/summary,get_dashboard_summary,27,28,66,,DashboardSummaryResponse,,True,,
backend\api\v1\database_automation.py,app,GET,/status,get_automation_status,28,29,49,,,,True,,
backend\api\v1\database_automation.py,app,POST,/start,start_automation,52,53,68,,,,True,,
backend\api\v1\database_automation.py,app,POST,/stop,stop_automation,71,72,87,,,,True,,
backend\api\v1\database_automation.py,app,POST,/maintenance/run,run_maintenance,90,91,107,,,,True,,
backend\api\v1\database_automation.py,app,GET,/maintenance/status,get_maintenance_status,110,111,128,,,,True,,
backend\api\v1\database_automation.py,app,GET,/scaling/patterns,get_scaling_patterns,131,132,142,,,,True,,
backend\api\v1\database_automation.py,app,POST,/scaling/evaluate,evaluate_scaling,145,146,156,,,,True,,
backend\api\v1\database_automation.py,app,GET,/scaling/history,get_scaling_history,159,160,176,,,,True,,
backend\api\v1\database_automation.py,app,POST,/scaling/predict,predict_scaling,179,180,196,,,,True,,
backend\api\v1\database_automation.py,app,GET,/load/history,get_load_history,199,200,225,,,,True,,
backend\api\v1\database_automation.py,app,POST,/optimize,optimize_database,228,229,241,,,,True,,
backend\api\v1\database_automation.py,app,GET,/recommendations,get_recommendations,244,245,277,,,,True,,
backend\api\v1\database_automation.py,app,GET,/metrics,get_automation_metrics,280,281,340,,,,True,,
backend\api\v1\database_automation.py,app,POST,/emergency/scale-up,emergency_scale_up,343,344,376,,,,True,,
backend\api\v1\database_health.py,app,GET,/health,get_health,26,27,31,,,,True,,
backend\api\v1\database_health.py,app,GET,/status,get_status,34,35,39,,,,True,,
backend\api\v1\database_health.py,app,GET,/monitoring,get_monitoring_status,42,43,50,,,,True,,
backend\api\v1\database_health.py,app,GET,/performance,get_performance_report,53,54,61,,,,True,,
backend\api\v1\database_health.py,app,POST,/migrations/run,run_migrations,64,65,79,,,,True,,
backend\api\v1\database_health.py,app,GET,/migrations/status,get_migration_status,82,83,91,,,,True,,
backend\api\v1\database_health.py,app,POST,/validate,validate_database,94,95,116,,,,True,,
backend\api\v1\database_health.py,app,GET,/metrics,get_database_metrics,119,120,138,,,,True,,
backend\api\v1\episodes.py,app,GET,/,list_episodes,104,105,170,,,,True,,
backend\api\v1\episodes.py,app,POST,/,create_episode,173,174,232,,EpisodeResponse,,True,,
backend\api\v1\episodes.py,app,GET,/{episode_id},get_episode,235,236,290,,EpisodeResponse,,True,,
backend\api\v1\episodes.py,app,PUT,/{episode_id}/end,end_episode,293,294,328,,,,True,,
backend\api\v1\episodes.py,app,GET,/{episode_id}/turns,get_episode_turns,331,332,384,,,,True,,
backend\api\v1\episodes.py,app,POST,/{episode_id}/turns,add_turn,387,388,440,,TurnResponse,,True,,
backend\api\v1\episodes.py,app,GET,/{episode_id}/summary,get_episode_summary,443,444,488,,EpisodeSummaryResponse,,True,,
backend\api\v1\episodes.py,app,POST,/{episode_id}/replay,replay_episode,491,492,526,,,,True,,
backend\api\v1\episodes.py,app,GET,/search,search_episodes,529,530,592,,,,True,,
backend\api\v1\episodes.py,app,DELETE,/{episode_id},delete_episode,595,596,630,,,,True,,
backend\api\v1\evolution.py,app,POST,/refine,refine_strategic_context,30,31,47,,,,True,,
backend\api\v1\evolution.py,app,GET,/state/{ucid},get_projected_state,50,51,67,,EvolutionStateResponse,,True,,
backend\api\v1\evolution.py,app,POST,/sweep,trigger_semantic_sweep,70,71,87,,,,True,,
backend\api\v1\evolution.py,app,POST,/analyze,analyze_and_sync_evolution,90,91,107,,,,True,,
backend\api\v1\foundation.py,app,GET,/,get_foundation,69,70,80,,FoundationResponse,,True,,
backend\api\v1\foundation.py,app,PUT,/,update_foundation,83,84,96,,FoundationResponse,,True,,
backend\api\v1\foundation.py,app,POST,/generate-summary,generate_summary,99,100,109,,,,True,,
backend\api\v1\foundation.py,app,GET,/export/{format},export_foundation,112,113,127,,,,True,,
backend\api\v1\foundation.py,app,DELETE,/,delete_foundation,130,131,143,,,,True,,
backend\api\v1\graph.py,app,GET,/entities,get_entities,94,95,151,,,,True,,
backend\api\v1\graph.py,app,POST,/entities,create_entity,154,155,199,,GraphEntityResponse,,True,,
backend\api\v1\graph.py,app,GET,/entities/{entity_id},get_entity,202,203,245,,GraphEntityResponse,,True,,
backend\api\v1\graph.py,app,PUT,/entities/{entity_id},update_entity,248,249,292,,GraphEntityResponse,,True,,
backend\api\v1\graph.py,app,DELETE,/entities/{entity_id},delete_entity,295,296,329,,,,True,,
backend\api\v1\graph.py,app,GET,/entities/{entity_id}/relationships,get_entity_relationships,332,336,386,,,,True,,
backend\api\v1\graph.py,app,POST,/relationships,create_relationship,389,390,441,,GraphRelationshipResponse,,True,,
backend\api\v1\graph.py,app,GET,/subgraph,get_subgraph,444,445,512,,SubGraphResponse,,True,,
backend\api\v1\graph.py,app,POST,/query,query_graph,515,516,576,,SubGraphResponse,,True,,
backend\api\v1\graph.py,app,GET,/types,get_entity_types,579,580,594,,,,True,,
backend\api\v1\graph.py,app,GET,/relationship-types,get_relationship_types,597,598,612,,,,True,,
backend\api\v1\graph.py,app,GET,/graph/entities,get_graph_entities,618,619,680,,,,True,,
backend\api\v1\graph.py,app,GET,/graph/entity/{entity_id},get_graph_entity,683,684,734,,,,True,,
backend\api\v1\graph.py,app,GET,/graph/subgraph,get_subgraph,737,738,798,,,,True,,
backend\api\v1\graph.py,app,GET,/graph/path,find_path,801,802,866,,,,True,,
backend\api\v1\graph.py,app,POST,/graph/pattern/search,search_pattern,869,870,960,,,,True,,
backend\api\v1\graph.py,app,GET,/graph/analytics,get_graph_analytics,963,964,1004,,,,True,,
backend\api\v1\graph.py,app,GET,/graph/visualize/d3,get_d3_visualization,1007,1008,1043,,,,True,,
backend\api\v1\graph.py,app,GET,/graph/visualize/cytoscape,get_cytoscape_visualization,1046,1047,1083,,,,True,,
backend\api\v1\graph.py,app,GET,/graph/export,export_graph_data,1086,1087,1243,,,,True,,
backend\api\v1\health.py,app,GET,/health,basic_health_check,119,120,138,,HealthResponse,,True,,
backend\api\v1\health.py,app,GET,/health/detailed,detailed_health_check,141,142,185,,DetailedHealthResponse,,True,,
backend\api\v1\health.py,app,GET,/health/ready,readiness_probe,188,189,233,,ReadinessResponse,,True,,
backend\api\v1\health.py,app,GET,/health/live,liveness_probe,236,237,259,,LivenessResponse,,True,,
backend\api\v1\health.py,app,GET,/health/redis,redis_health_check,262,263,282,,,,True,,
backend\api\v1\health.py,app,GET,/health/redis/latency,redis_latency_check,285,286,306,,,,True,,
backend\api\v1\health.py,app,GET,/health/redis/memory,redis_memory_check,309,310,329,,,,True,,
backend\api\v1\health.py,app,GET,/health/components,component_health_check,332,333,412,,,,True,,
backend\api\v1\health.py,app,POST,/health/check,trigger_health_check,415,416,437,,,,True,,
backend\api\v1\health.py,app,GET,/health/version,version_info,440,441,462,,,,True,,
backend\api\v1\health.py,app,GET,/health/advanced,advanced_health_check,468,469,519,,AdvancedHealthResponse,,True,,
backend\api\v1\health.py,app,GET,/health/dashboard,health_dashboard_data,522,523,548,,,,True,,
backend\api\v1\health.py,app,POST,/health/metrics,record_health_metric_endpoint,551,552,580,,,,True,,
backend\api\v1\health.py,app,POST,/health/monitoring/start,start_health_monitoring,583,584,602,,,,True,,
backend\api\v1\health.py,app,POST,/health/monitoring/stop,stop_health_monitoring,605,606,624,,,,True,,
backend\api\v1\health.py,app,GET,/health/predictions,get_health_predictions,627,628,664,,,,True,,
backend\api\v1\health.py,app,GET,/health/anomalies,get_recent_anomalies,667,668,706,,,,True,,
backend\api\v1\health.py,app,POST,/health/alerts/{alert_id}/acknowledge,acknowledge_health_alert,709,710,729,,,,True,,
backend\api\v1\health.py,app,GET,/health/vertex-ai,check_vertex_ai_health,732,733,774,,,,True,,
backend\api\v1\health.py,app,POST,/health/alerts/{alert_id}/resolve,resolve_health_alert,777,778,797,,,,True,,
backend\api\v1\health_comprehensive.py,app,GET,/redis,check_redis_only,92,93,143,,,,True,,
backend\api\v1\health_comprehensive.py,app,GET,/,health_check,537,538,544,,,,True,,
backend\api\v1\health_comprehensive.py,app,GET,/detailed,detailed_health_check,547,548,618,,,,True,,
backend\api\v1\health_comprehensive.py,app,GET,/readiness,readiness_check,621,622,647,,,,True,,
backend\api\v1\health_comprehensive.py,app,GET,/liveness,liveness_check,650,651,656,,,,True,,
backend\api\v1\health_comprehensive.py,app,GET,/metrics,health_metrics,659,660,680,,,,True,,
backend\api\v1\health_simple.py,app,GET,/health,basic_health_check,45,46,58,,HealthResponse,,True,,
backend\api\v1\health_simple.py,app,GET,/health/ready,readiness_check,61,62,106,,ReadinessResponse,,True,,
backend\api\v1\health_simple.py,app,GET,/health/live,liveness_check,109,110,121,,LivenessResponse,,True,,
backend\api\v1\health_simple.py,app,GET,/health/detailed,detailed_health_check,124,125,190,,,,True,,
backend\api\v1\icps.py,app,POST,/derive-trinity,derive_cohort_trinity,27,28,47,,RICP,,True,,
backend\api\v1\icps.py,app,GET,/,list_icps,102,103,109,,,,True,,
backend\api\v1\icps.py,app,POST,/,create_icp,112,113,123,,ICPResponse,,True,,
backend\api\v1\icps.py,app,GET,/{icp_id},get_icp,126,127,138,,ICPResponse,,True,,
backend\api\v1\icps.py,app,PUT,/{icp_id},update_icp,141,142,159,,ICPResponse,,True,,
backend\api\v1\icps.py,app,DELETE,/{icp_id},delete_icp,162,163,177,,,,True,,
backend\api\v1\icps.py,app,POST,/{icp_id}/set-primary,set_primary_icp,180,181,195,,,,True,,
backend\api\v1\icps.py,app,GET,/primary,get_primary_icp,198,199,204,,,,True,,
backend\api\v1\icps.py,app,POST,/generate-from-foundation,generate_from_foundation,207,208,217,,,,True,,
backend\api\v1\icps.py,app,GET,/analytics,get_icp_analytics,220,221,230,,,,True,,
backend\api\v1\infra_health.py,app,GET,/infra/health,infra_health,22,23,65,,,,True,,
backend\api\v1\memory.py,app,POST,/search,search_memory,78,79,133,,,,True,,
backend\api\v1\memory.py,app,POST,/store,store_memory,136,137,193,,MemoryChunkResponse,,True,,
backend\api\v1\memory.py,app,GET,/{chunk_id},get_memory_chunk,196,197,242,,MemoryChunkResponse,,True,,
backend\api\v1\memory.py,app,PUT,/{chunk_id},update_memory_chunk,245,246,306,,MemoryChunkResponse,,True,,
backend\api\v1\memory.py,app,DELETE,/{chunk_id},delete_memory_chunk,309,310,344,,,,True,,
backend\api\v1\memory.py,app,GET,/stats,get_memory_stats,347,348,382,,MemoryStatsResponse,,True,,
backend\api\v1\memory.py,app,GET,/types,get_memory_types,385,386,400,,,,True,,
backend\api\v1\memory.py,app,POST,/context,get_memory_context,403,404,437,,,,True,,
backend\api\v1\memory.py,app,POST,/clear,clear_workspace_memory,440,441,478,,,,True,,
backend\api\v1\memory_endpoints.py,app,GET,/health,memory_health_check,28,29,57,,,,True,,
backend\api\v1\memory_endpoints.py,app,POST,/store,store_memory,60,61,127,,,,True,,
backend\api\v1\memory_endpoints.py,app,GET,/search,search_memory,130,131,202,,,,True,,
backend\api\v1\memory_endpoints.py,app,GET,/stats,get_memory_stats,205,206,241,,,,True,,
backend\api\v1\memory_endpoints.py,app,DELETE,/{chunk_id},delete_memory,244,245,276,,,,True,,
backend\api\v1\memory_endpoints.py,app,POST,/chunk,chunk_content,279,280,304,,,,True,,
backend\api\v1\memory_endpoints.py,app,POST,/embed,generate_embeddings,307,308,337,,,,True,,
backend\api\v1\memory_endpoints.py,app,GET,/graph/entities,get_graph_entities,343,344,366,,,,True,,
backend\api\v1\memory_endpoints.py,app,POST,/graph/entities,create_graph_entity,369,370,404,,,,True,,
backend\api\v1\memory_endpoints.py,app,GET,/graph/relationships,get_graph_relationships,407,408,434,,,,True,,
backend\api\v1\memory_endpoints.py,app,GET,/sessions,get_active_sessions,440,441,459,,,,True,,
backend\api\v1\memory_endpoints.py,app,POST,/sessions,create_session,462,463,487,,,,True,,
backend\api\v1\memory_endpoints.py,app,GET,/sessions/{session_id},get_session,490,491,512,,,,True,,
backend\api\v1\memory_endpoints.py,app,DELETE,/sessions/{session_id},end_session,515,516,536,,,,True,,
backend\api\v1\metrics.py,app,GET,/global,get_global_metrics,54,55,87,,,,True,,
backend\api\v1\metrics.py,app,GET,/agents/{agent_id},get_agent_metrics,116,117,135,,,,True,,
backend\api\v1\metrics.py,app,GET,/history,get_metrics_history,138,139,186,,,,True,,
backend\api\v1\metrics.py,app,GET,/performance,get_performance_summary,189,190,211,,,,True,,
backend\api\v1\metrics.py,app,GET,/types,get_metric_types,214,215,225,,,,True,,
backend\api\v1\metrics.py,app,DELETE,/reset,reset_metrics,228,229,242,,,,True,,
backend\api\v1\metrics.py,app,DELETE,/reset/{agent_id},reset_agent_metrics,245,246,263,,,,True,,
backend\api\v1\metrics.py,app,GET,/resources/summary,get_resource_summary,269,270,285,,,,True,,
backend\api\v1\metrics.py,app,GET,/resources/leaks,get_resource_leaks,288,289,306,,,,True,,
backend\api\v1\metrics.py,app,POST,/resources/cleanup/{resource_type},trigger_resource_cleanup,309,310,335,,,,True,,
backend\api\v1\metrics.py,app,GET,/analytics/profiles,get_resource_usage_profiles,341,342,357,,,,True,,
backend\api\v1\metrics.py,app,GET,/analytics/patterns,get_resource_patterns,360,361,391,,,,True,,
backend\api\v1\metrics.py,app,GET,/analytics/recommendations,get_optimization_recommendations,394,395,440,,,,True,,
backend\api\v1\metrics.py,app,GET,/quotas,get_quota_status,446,447,464,,,,True,,
backend\api\v1\metrics.py,app,GET,/quotas/violations,get_quota_violations,467,468,490,,,,True,,
backend\api\v1\metrics.py,app,POST,/quotas/{quota_id}/reset,reset_quota_usage,493,494,503,,,,True,,
backend\api\v1\metrics.py,app,GET,/cleanup/tasks,get_cleanup_tasks,509,510,523,,,,True,,
backend\api\v1\metrics.py,app,POST,/cleanup/tasks/{task_id}/run,run_cleanup_task,526,527,546,,,,True,,
backend\api\v1\metrics.py,app,GET,/cleanup/history,get_cleanup_history,549,550,569,,,,True,,
backend\api\v1\minimal_routers.py,app,GET,/,health_check,21,22,24,,,,True,,
backend\api\v1\minimal_routers.py,app,GET,/detailed,detailed_health,27,28,35,,,,True,,
backend\api\v1\minimal_routers.py,app,POST,/login,login,39,40,42,,,,True,,
backend\api\v1\minimal_routers.py,app,POST,/logout,logout,45,46,48,,,,True,,
backend\api\v1\minimal_routers.py,app,GET,/me,get_current_user,52,53,55,,,,True,,
backend\api\v1\minimal_routers.py,app,GET,/,list_campaigns,59,60,62,,,,True,,
backend\api\v1\minimal_routers.py,app,POST,/,create_campaign,65,66,68,,,,True,,
backend\api\v1\minimal_routers.py,app,GET,/,list_moves,72,73,75,,,,True,,
backend\api\v1\minimal_routers.py,app,POST,/,create_move,78,79,81,,,,True,,
backend\api\v1\minimal_routers.py,app,GET,/,blackbox_status,85,86,88,,,,True,,
backend\api\v1\minimal_routers.py,app,POST,/generate,generate_strategy,91,92,94,,,,True,,
backend\api\v1\minimal_routers.py,app,GET,/,get_analytics,98,99,101,,,,True,,
backend\api\v1\minimal_routers.py,app,POST,/process,process_ocr,105,106,108,,,,True,,
backend\api\v1\moves.py,app,GET,/,list_moves,67,68,74,,,,True,,
backend\api\v1\moves.py,app,POST,/,create_move,77,78,88,,MoveResponse,,True,,
backend\api\v1\moves.py,app,GET,/{move_id},get_move,91,92,103,,MoveResponse,,True,,
backend\api\v1\moves.py,app,PUT,/{move_id},update_move,106,107,124,,MoveResponse,,True,,
backend\api\v1\moves.py,app,DELETE,/{move_id},delete_move,127,128,142,,,,True,,
backend\api\v1\moves.py,app,POST,/{move_id}/start,start_move,145,146,160,,MoveResponse,,True,,
backend\api\v1\moves.py,app,POST,/{move_id}/pause,pause_move,163,164,178,,MoveResponse,,True,,
backend\api\v1\moves.py,app,POST,/{move_id}/complete,complete_move,181,182,197,,MoveResponse,,True,,
backend\api\v1\moves.py,app,POST,/{move_id}/generate-tasks,generate_tasks,200,201,211,,,,True,,
backend\api\v1\moves.py,app,GET,/{move_id}/tasks,get_move_tasks,214,215,229,,,,True,,
backend\api\v1\moves.py,app,GET,/analytics,get_move_analytics,232,233,242,,,,True,,
backend\api\v1\moves.py,app,GET,/active,get_active_moves,245,246,255,,,,True,,
backend\api\v1\moves.py,app,GET,/calendar/events,get_moves_calendar,258,259,277,,,,True,,
backend\api\v1\moves_new.py,app,POST,/execute,execute_move,30,31,56,,MoveResponse,,True,,
backend\api\v1\moves_new.py,app,GET,/available,list_available_moves,58,59,66,,,,True,,
backend\api\v1\muse.py,app,POST,/generate,generate_content,40,41,79,,ContentResponse,,True,,
backend\api\v1\muse_new.py,app,POST,/generate,generate_content,33,34,75,,ContentResponse,,True,,
backend\api\v1\muse_vertex_ai.py,app,POST,/generate,generate_content,170,171,225,,ContentResponse,,True,,
backend\api\v1\muse_vertex_ai.py,app,POST,/chat,chat,228,229,255,,ChatResponse,,True,,
backend\api\v1\muse_vertex_ai.py,app,GET,/prospects,get_prospects,258,259,263,,,,True,,
backend\api\v1\muse_vertex_ai.py,app,POST,/sync-prospect,sync_prospect,266,267,277,,,,True,,
backend\api\v1\muse_vertex_ai.py,app,POST,/repurpose,repurpose,280,281,288,,,,True,,
backend\api\v1\muse_vertex_ai.py,app,POST,/comment,comment,291,292,298,,,,True,,
backend\api\v1\muse_vertex_ai.py,app,POST,/approve,approve,301,302,308,,,,True,,
backend\api\v1\muse_vertex_ai.py,app,POST,/analyze-voice,analyze_voice,311,312,316,,,,True,,
backend\api\v1\muse_vertex_ai.py,app,POST,/distribute,distribute,319,320,329,,,,True,,
backend\api\v1\muse_vertex_ai.py,app,POST,/audit,audit,332,333,337,,,,True,,
backend\api\v1\muse_vertex_ai.py,app,POST,/seo-optimize,seo_optimize,340,341,345,,,,True,,
backend\api\v1\muse_vertex_ai.py,app,POST,/brief,brief,348,349,355,,,,True,,
backend\api\v1\muse_vertex_ai.py,app,POST,/sequence,sequence,358,359,365,,,,True,,
backend\api\v1\muse_vertex_ai.py,app,POST,/coach,coach,368,369,375,,,,True,,
backend\api\v1\muse_vertex_ai.py,app,GET,/roi-report,roi_report,378,379,381,,,,True,,
backend\api\v1\muse_vertex_ai.py,app,GET,/insights,insights,384,385,392,,,,True,,
backend\api\v1\muse_vertex_ai.py,app,POST,/marketplace/project,marketplace_project,395,396,406,,,,True,,
backend\api\v1\muse_vertex_ai.py,app,GET,/status,status,409,410,416,,,,True,,
backend\api\v1\ocr.py,app,GET,/ocr/jobs/{job_id},get_ocr_job_status,37,38,60,,OCRJobStatusResponse,,True,,
backend\api\v1\ocr.py,app,POST,/ocr/jobs/clear,clear_ocr_queue,63,64,76,,,,True,,
backend\api\v1\onboarding.py,app,POST,/session,create_or_get_session,433,434,467,,,,True,,
backend\api\v1\onboarding.py,app,POST,/session/create,create_onboarding_session,470,471,535,,,,True,,
backend\api\v1\onboarding.py,app,POST,/session/{session_id}/steps,save_onboarding_step,538,539,669,,,,True,,
backend\api\v1\onboarding.py,app,POST,/session/{session_id}/complete,complete_onboarding_session,672,673,738,,,,True,,
backend\api\v1\onboarding.py,app,POST,/{session_id}/steps/{step_id},update_step_data,741,742,786,,,,True,,
backend\api\v1\onboarding.py,app,GET,/{session_id}/progress,get_session_progress,789,790,804,,,,True,,
backend\api\v1\onboarding.py,app,GET,/{session_id}/steps/{step_id},get_step_data,807,808,827,,,,True,,
backend\api\v1\onboarding.py,app,GET,/{session_id}/summary,get_session_summary,830,831,845,,,,True,,
backend\api\v1\onboarding.py,app,GET,/{session_id}/health,session_health_check,850,851,879,,,,True,,
backend\api\v1\onboarding.py,app,GET,/{session_id}/status,session_status,882,883,901,,,,True,,
backend\api\v1\onboarding.py,app,DELETE,/{session_id}/cleanup,cleanup_session,904,905,920,,,,True,,
backend\api\v1\onboarding.py,app,GET,/status,get_onboarding_status,928,929,958,,,,True,,
backend\api\v1\onboarding.py,app,GET,/next-step,get_next_step,961,962,984,,,,True,,
backend\api\v1\onboarding.py,app,GET,/step-data/{step_id},get_step_data_by_workspace,987,988,1011,,,,True,,
backend\api\v1\onboarding.py,app,POST,/step,execute_step_sync,1014,1015,1034,,,,True,,
backend\api\v1\onboarding.py,app,POST,/reset-step,reset_step_sync,1037,1038,1060,,,,True,,
backend\api\v1\onboarding.py,app,POST,/resume,resume_onboarding,1063,1064,1086,,,,True,,
backend\api\v1\onboarding.py,app,GET,/sync-check,sync_check,1089,1090,1109,,,,True,,
backend\api\v1\onboarding.py,app,POST,/{session_id}/finalize,finalize_session,1110,1111,1237,,,,True,,
backend\api\v1\onboarding.py,app,GET,/finalize/health,finalize_health,1241,1242,1244,,,,True,,
backend\api\v1\onboarding.py,app,GET,/context/manifest,get_context_manifest,1247,1248,1275,,,,True,,
backend\api\v1\onboarding.py,app,POST,/context/rebuild,rebuild_context,1278,1279,1291,,,,True,,
backend\api\v1\onboarding.py,app,DELETE,/{session_id},delete_session,1293,1294,1315,,,,True,,
backend\api\v1\onboarding.py,app,POST,/{session_id}/classify-evidence,classify_evidence,1321,1322,1346,,,,True,,
backend\api\v1\onboarding.py,app,POST,/{session_id}/extract-facts,extract_facts,1349,1350,1372,,,,True,,
backend\api\v1\onboarding.py,app,POST,/{session_id}/detect-contradictions,detect_contradictions,1375,1376,1398,,,,True,,
backend\api\v1\onboarding.py,app,POST,/{session_id}/reddit-research,reddit_research,1401,1402,1418,,,,True,,
backend\api\v1\onboarding.py,app,POST,/{session_id}/generate-perceptual-map,generate_perceptual_map,1421,1422,1442,,,,True,,
backend\api\v1\onboarding.py,app,POST,/{session_id}/generate-copy,generate_neuroscience_copy,1445,1446,1464,,,,True,,
backend\api\v1\onboarding.py,app,POST,/{session_id}/channel-strategy,generate_channel_strategy,1467,1468,1488,,,,True,,
backend\api\v1\onboarding.py,app,POST,/{session_id}/category-paths,analyze_category_paths,1491,1492,1533,,,,True,,
backend\api\v1\onboarding.py,app,POST,/{session_id}/market-size,calculate_market_size,1536,1537,1594,,,,True,,
backend\api\v1\onboarding.py,app,POST,/{session_id}/competitor-analysis,analyze_competitors,1597,1598,1649,,,,True,,
backend\api\v1\onboarding.py,app,POST,/{session_id}/focus-sacrifice,analyze_focus_sacrifice,1652,1653,1709,,,,True,,
backend\api\v1\onboarding.py,app,POST,/{session_id}/truth-sheet,generate_truth_sheet,1712,1713,1762,,,,True,,
backend\api\v1\onboarding.py,app,POST,/{session_id}/proof-points,validate_proof_points,1765,1766,1813,,,,True,,
backend\api\v1\onboarding.py,app,POST,/{session_id}/messaging-rules,generate_messaging_rules,1816,1817,1869,,,,True,,
backend\api\v1\onboarding.py,app,POST,/{session_id}/soundbites,generate_soundbites,1872,1873,1928,,,,True,,
backend\api\v1\onboarding.py,app,POST,/{session_id}/icp-deep,generate_icp_deep,1931,1932,1972,,,,True,,
backend\api\v1\onboarding.py,app,POST,/{session_id}/positioning,generate_positioning,1975,1976,2054,,,,True,,
backend\api\v1\onboarding.py,app,GET,/{session_id}/progress,get_onboarding_progress,2057,2058,2065,,,,True,,
backend\api\v1\onboarding.py,app,POST,/{session_id}/advance-step,advance_onboarding_step,2068,2069,2079,,,,True,,
backend\api\v1\onboarding.py,app,POST,/{session_id}/steps/{step_id}/run,run_step_processing,2082,2083,2242,,,,True,,
backend\api\v1\onboarding.py,app,POST,/{session_id}/vault/upload,upload_file,2245,2246,2341,,,,True,,
backend\api\v1\onboarding.py,app,POST,/{session_id}/vault/url,process_url,2344,2345,2400,,,,True,,
backend\api\v1\onboarding.py,app,POST,/{session_id}/upload-file,upload_file_compat,2405,2406,2418,,,,True,,
backend\api\v1\onboarding.py,app,POST,/{session_id}/process-url,process_url_compat,2421,2422,2424,,,,True,,
backend\api\v1\onboarding.py,app,GET,/{session_id}/vault,get_vault_contents,2427,2428,2446,,,,True,,
backend\api\v1\onboarding.py,app,GET,/{session_id},get_session_data,2449,2450,2466,,,,True,,
backend\api\v1\onboarding.py,app,DELETE,/{session_id}/vault/{item_id},delete_vault_item,2469,2470,2478,,,,True,,
backend\api\v1\onboarding.py,app,POST,/{session_id}/final-synthesis,final_synthesis,2481,2482,2533,,,,True,,
backend\api\v1\onboarding.py,app,POST,/start,start_onboarding_v2,3014,3015,3041,,,,True,,
backend\api\v1\onboarding.py,app,POST,/{session_id}/vault,submit_vault_evidence,3044,3045,3081,,,,True,,
backend\api\v1\onboarding.py,app,POST,/{session_id}/extract,trigger_extraction,3084,3085,3092,,,,True,,
backend\api\v1\onboarding.py,app,POST,/{session_id}/offer-pricing,analyze_offer_pricing,3095,3096,3103,,,,True,,
backend\api\v1\onboarding.py,app,POST,/{session_id}/market-intelligence,research_market_intelligence,3106,3107,3114,,,,True,,
backend\api\v1\onboarding.py,app,POST,/{session_id}/comparative-angle,analyze_comparative_angle,3117,3118,3125,,,,True,,
backend\api\v1\onboarding.py,app,POST,/{session_id}/category-paths,recommend_category_paths,3128,3129,3136,,,,True,,
backend\api\v1\onboarding.py,app,POST,/{session_id}/capability-rating,rate_capabilities,3139,3140,3147,,,,True,,
backend\api\v1\onboarding.py,app,POST,/{session_id}/perceptual-map,generate_perceptual_map,3150,3151,3158,,,,True,,
backend\api\v1\onboarding.py,app,POST,/{session_id}/strategic-grid,lock_strategic_position,3161,3162,3169,,,,True,,
backend\api\v1\onboarding.py,app,POST,/{session_id}/positioning-statements,draft_positioning_statements,3172,3173,3180,,,,True,,
backend\api\v1\onboarding.py,app,POST,/{session_id}/focus-sacrifice,recommend_focus_sacrifice,3183,3184,3191,,,,True,,
backend\api\v1\onboarding.py,app,POST,/{session_id}/icp-profiles,generate_icp_profiles,3194,3195,3202,,,,True,,
backend\api\v1\onboarding.py,app,POST,/{session_id}/buying-process,architect_buying_process,3205,3206,3213,,,,True,,
backend\api\v1\onboarding.py,app,POST,/{session_id}/messaging-guardrails,define_messaging_guardrails,3216,3217,3224,,,,True,,
backend\api\v1\onboarding.py,app,POST,/{session_id}/soundbites,generate_soundbites,3227,3228,3235,,,,True,,
backend\api\v1\onboarding.py,app,POST,/{session_id}/message-hierarchy,architect_message_hierarchy,3238,3239,3246,,,,True,,
backend\api\v1\onboarding.py,app,POST,/{session_id}/channel-mapping,map_acquisition_channels,3249,3250,3257,,,,True,,
backend\api\v1\onboarding.py,app,POST,/{session_id}/tam-sam-som,calculate_market_size,3260,3261,3268,,,,True,,
backend\api\v1\onboarding.py,app,POST,/{session_id}/reality-check,perform_reality_check,3271,3272,3279,,,,True,,
backend\api\v1\onboarding.py,app,POST,/{session_id}/final-synthesis,finalize_onboarding,3282,3283,3290,,,,True,,
backend\api\v1\onboarding.py,app,POST,/migrate,migrate_users,3367,3368,3468,,,,True,,
backend\api\v1\onboarding.py,app,POST,/migrate/{user_id},migrate_single_user,3471,3472,3494,,,,True,,
backend\api\v1\onboarding.py,app,POST,/rollback,rollback_users,3497,3498,3539,,,,True,,
backend\api\v1\onboarding.py,app,POST,/rollback/{user_id},rollback_single_user,3542,3543,3558,,,,True,,
backend\api\v1\onboarding.py,app,GET,/stats,get_migration_stats,3561,3562,3591,,,,True,,
backend\api\v1\onboarding.py,app,GET,/validate/{user_id},validate_migration,3594,3595,3615,,,,True,,
backend\api\v1\onboarding.py,app,GET,/health,migration_health_check,3618,3619,3641,,,,True,,
backend\api\v1\onboarding.py,app,POST,/cleanup,cleanup_failed_migrations,3644,3645,3662,,,,True,,
backend\api\v1\onboarding.py,app,GET,/user/{user_id}/status,get_user_migration_status,3665,3666,3703,,,,True,,
backend\api\v1\onboarding.py,app,GET,/workspace/{workspace_id}/summary,get_workspace_migration_summary,3706,3707,3763,,,,True,,
backend\api\v1\onboarding.py,app,GET,/progress,get_migration_progress,3766,3767,3801,,,,True,,
backend\api\v1\onboarding.py,app,GET,/legacy-status/{user_id},get_legacy_status,3804,3805,3838,,,,True,,
backend\api\v1\onboarding.py,app,GET,/comparison,get_legacy_vs_new_comparison,3841,3842,3911,,,,True,,
backend\api\v1\onboarding.py,app,POST,/migrate/batch,migrate_large_batch,3914,3915,3935,,,,True,,
backend\api\v1\onboarding.py,app,GET,/admin/users/unmigrated,get_unmigrated_users,3973,3974,4003,,,,True,,
backend\api\v1\onboarding.py,app,GET,/admin/users/migrated,get_migrated_users,4006,4007,4039,,,,True,,
backend\api\v1\onboarding.py,app,GET,/admin/users/migration-details,get_detailed_migration_details,4042,4043,4096,,,,True,,
backend\api\v1\payments.py,app,POST,/initiate,initiate_payment,105,106,199,,PaymentInitiateResponse,,True,,
backend\api\v1\payments.py,app,GET,/plans,get_payment_plans,202,203,220,,,,True,,
backend\api\v1\payments.py,app,GET,/status/{merchant_order_id},get_payment_status,223,224,250,,PaymentStatusResponse,,True,,
backend\api\v1\payments.py,app,POST,/webhook,handle_webhook,253,254,301,,,,True,,
backend\api\v1\payments.py,app,POST,/refund,refund_payment,304,305,357,,RefundResponse,,True,,
backend\api\v1\payments.py,app,GET,/health,health_check,360,361,372,,,,True,,
backend\api\v1\payments\analytics.py,app,GET,/overview,get_payment_analytics_overview,24,25,87,,,,True,,
backend\api\v1\payments\analytics.py,app,GET,/conversion-rates,get_conversion_rates,90,91,127,,,,True,,
backend\api\v1\payments\analytics.py,app,GET,/failure-reasons,get_failure_reasons,130,131,173,,,,True,,
backend\api\v1\payments\analytics.py,app,GET,/revenue,get_revenue_metrics,176,177,213,,,,True,,
backend\api\v1\payments\analytics.py,app,GET,/dashboard,get_payment_dashboard,216,217,274,,,,True,,
backend\api\v1\payments\analytics.py,app,POST,/track-event,track_payment_event,277,278,335,,,,True,,
backend\api\v1\payments_enhanced.py,app,POST,/initiate,initiate_payment_enhanced,194,195,444,,PaymentInitiateResponse,,True,,
backend\api\v1\payments_enhanced.py,app,POST,/status,get_payment_status_enhanced,447,448,543,,PaymentStatusResponse,,True,,
backend\api\v1\payments_enhanced.py,app,POST,/webhook,handle_webhook_enhanced,546,547,637,,,,True,,
backend\api\v1\payments_enhanced.py,app,POST,/refund,process_refund_enhanced,640,641,756,,RefundResponse,,True,,
backend\api\v1\payments_enhanced.py,app,GET,/security/status,get_security_status,759,760,793,,,,True,,
backend\api\v1\payments_enhanced.py,app,GET,/analytics/summary,get_payment_analytics,796,797,825,,,,True,,
backend\api\v1\payments_v2.py,app,POST,/initiate,initiate_payment,69,70,127,,InitiatePaymentResponse,,True,,
backend\api\v1\payments_v2.py,app,GET,/status/{merchant_order_id},get_payment_status,130,131,179,,StatusResponse,,True,,
backend\api\v1\payments_v2.py,app,GET,/plans,get_payment_plans,182,183,192,,PlansResponse,,True,,
backend\api\v1\payments_v2.py,app,POST,/webhook,handle_webhook,195,196,239,,WebhookResponse,,True,,
backend\api\v1\payments_v2.py,app,GET,/health,health_check,242,243,262,,,,True,,
backend\api\v1\payments_v2_secure.py,app,POST,/initiate,initiate_payment,103,104,245,,SecurePaymentResponse,,True,,
backend\api\v1\payments_v2_secure.py,app,GET,/status/{merchant_order_id},get_payment_status,248,249,313,,SecurePaymentResponse,,True,,
backend\api\v1\payments_v2_secure.py,app,POST,/refund,process_refund,316,317,441,,SecureRefundResponse,,True,,
backend\api\v1\payments_v2_secure.py,app,POST,/webhook,handle_webhook,444,445,523,,,,True,,
backend\api\v1\payments_v2_secure.py,app,GET,/plans,get_payment_plans,526,527,542,,,,True,,
backend\api\v1\payments_v2_secure.py,app,GET,/health,health_check,545,546,580,,,,True,,
backend\api\v1\payments_v2_secure.py,app,GET,/security-stats,get_security_statistics,583,584,630,,,,True,,
backend\api\v1\rate_limit.py,app,GET,/status,get_rate_limit_status,19,20,33,,,,True,,
backend\api\v1\rate_limit.py,app,GET,/client/{client_id},get_client_rate_limit_info,36,37,60,,,,True,,
backend\api\v1\rate_limit.py,app,POST,/reset/{client_id},reset_client_rate_limit,63,64,77,,,,True,,
backend\api\v1\rate_limit.py,app,POST,/block/{client_id},block_client_temporarily,80,81,95,,,,True,,
backend\api\v1\rate_limit.py,app,GET,/test,test_rate_limit,98,99,124,,,,True,,
backend\api\v1\redis_metrics.py,app,GET,/redis-metrics,get_redis_metrics,26,27,85,,,,True,,
backend\api\v1\redis_metrics.py,app,GET,/redis-stats,get_redis_stats,88,89,141,,,,True,,
backend\api\v1\redis_metrics.py,app,POST,/redis-test,test_redis_operations,144,145,198,,,,True,,
backend\api\v1\search.py,app,GET,/sync,sync_search,46,47,63,,SearchResponse,,True,,
backend\api\v1\search.py,app,POST,/async,async_search_trigger,66,67,82,,,,True,,
backend\api\v1\sessions.py,app,POST,/,create_session,48,49,103,,,,True,,
backend\api\v1\sessions.py,app,GET,/{session_id},get_session,106,107,137,,,,True,,
backend\api\v1\sessions.py,app,PUT,/{session_id},update_session,140,141,183,,,,True,,
backend\api\v1\sessions.py,app,DELETE,/{session_id},terminate_session,186,187,225,,,,True,,
backend\api\v1\sessions.py,app,GET,/user/{user_id},get_user_sessions,228,229,253,,,,True,,
backend\api\v1\sessions.py,app,GET,/workspace/{workspace_id},get_workspace_sessions,256,257,283,,,,True,,
backend\api\v1\sessions.py,app,GET,/types,get_session_types,286,287,297,,,,True,,
backend\api\v1\sessions.py,app,GET,/analytics/dashboard,get_dashboard_analytics,300,301,323,,,,True,,
backend\api\v1\sessions.py,app,GET,/analytics/user/{user_id},get_user_analytics,326,327,371,,,,True,,
backend\api\v1\sessions.py,app,GET,/analytics/performance,get_performance_analytics,374,375,400,,,,True,,
backend\api\v1\sessions.py,app,GET,/analytics/trends,get_resource_trends,403,404,425,,,,True,,
backend\api\v1\sessions.py,app,GET,/stats,get_session_stats,428,429,460,,,,True,,
backend\api\v1\storage.py,app,POST,/storage/upload-url,generate_upload_url,43,44,96,,,,True,,
backend\api\v1\storage.py,app,POST,/storage/download-url,generate_download_url,99,100,143,,,,True,,
backend\api\v1\storage.py,app,POST,/storage/file-info,get_file_info,146,147,195,,,,True,,
backend\api\v1\storage.py,app,DELETE,/storage/file,delete_file,198,199,240,,,,True,,
backend\api\v1\storage.py,app,GET,/storage/usage/{user_id},get_storage_usage,243,244,277,,,,True,,
backend\api\v1\storage.py,app,POST,/storage/cleanup,cleanup_storage_files,280,281,303,,,,True,,
backend\api\v1\storage.py,app,DELETE,/storage/files/{storage_path:path},delete_storage_file,306,307,337,,,,True,,
backend\api\v1\storage.py,app,GET,/storage/workspace/{workspace_id}/usage,get_workspace_storage_usage,340,341,366,,,,True,,
backend\api\v1\storage.py,app,GET,/storage/health,storage_health_check,369,370,405,,,,True,,
backend\api\v1\strategic_command.py,app,POST,/blueprint,create_blueprint,33,34,66,,,,True,,
backend\api\v1\strategic_command.py,app,GET,/agenda,get_hierarchical_agenda,69,70,113,,,,True,,
backend\api\v1\strategic_command.py,app,GET,/agenda/daily,get_daily_agenda,116,117,138,,,,True,,
backend\api\v1\strategic_command.py,app,PATCH,/tasks/{task_id}/status,update_task_status,141,142,178,,,,True,,
backend\api\v1\strategic_command.py,app,GET,/reasoning/{entity_id},get_expert_reasoning,181,182,198,,,,True,,
backend\api\v1\strategic_command.py,app,POST,/moves/{move_id}/conclude,conclude_move,201,202,252,,,,True,,
backend\api\v1\titan.py,app,POST,/research,execute_research,54,55,89,,TitanResearchResponse,,True,,
backend\api\v1\titan.py,app,GET,/status/{request_id},get_research_status,92,93,104,,,,True,,
backend\api\v1\usage.py,app,GET,/ai-costs,get_ai_costs,22,23,94,,,,True,,
backend\api\v1\usage.py,app,GET,/usage-summary,get_usage_summary,97,98,145,,,,True,,
backend\api\v1\users.py,app,GET,/me,get_user_profile,38,39,43,,UserResponse,,True,,
backend\api\v1\users.py,app,PUT,/me,update_user_profile,46,47,80,,UserResponse,,True,,
backend\api\v1\users.py,app,DELETE,/me,delete_user_account,83,84,117,,,,True,,
backend\api\v1\users.py,app,GET,/me/usage,get_user_usage,120,121,189,,,,True,,
backend\api\v1\users.py,app,GET,/me/billing,get_user_billing,192,193,251,,,,True,,
backend\api\v1\users.py,app,POST,/me/upgrade-plan,upgrade_subscription_plan,254,255,318,,,,True,,
backend\api\v1\users.py,app,GET,/me/preferences,get_user_preferences,321,322,326,,,,True,,
backend\api\v1\users.py,app,PUT,/me/preferences,update_user_preferences,329,330,351,,,,True,,
backend\api\v1\users.py,app,POST,/me/complete-onboarding,complete_onboarding,354,355,377,,,,True,,
backend\api\v1\users.py,app,GET,/me/notifications,get_user_notifications,380,381,411,,,,True,,
backend\api\v1\users.py,app,POST,/me/mark-notifications-read,mark_notifications_read,414,415,426,,,,True,,
backend\api\v1\users.py,app,GET,/me/api-keys,get_user_api_keys,429,430,463,,,,True,,
backend\api\v1\users.py,app,POST,/me/api-keys,create_api_key,466,467,504,,,,True,,
backend\api\v1\users.py,app,DELETE,/me/api-keys/{key_id},revoke_api_key,507,508,523,,,,True,,
backend\api\v1\users.py,app,GET,/me/activity,get_user_activity,526,527,566,,,,True,,
backend\api\v1\validation.py,app,POST,/validate,validate_request,143,144,199,,ValidationResponse,,True,,
backend\api\v1\validation.py,app,POST,/analyze-threats,analyze_threats,202,203,246,,ThreatAnalysisResponse,,True,,
backend\api\v1\validation.py,app,GET,/metrics,get_validation_metrics,249,250,276,,ValidationMetricsResponse,,True,,
backend\api\v1\validation.py,app,GET,/threat-summary,get_threat_intelligence_summary,279,280,293,,,,True,,
backend\api\v1\validation.py,app,POST,/optimize-performance,configure_performance_optimization,296,297,333,,,,True,,
backend\api\v1\validation.py,app,GET,/cache-stats,get_cache_statistics,336,337,351,,,,True,,
backend\api\v1\validation.py,app,DELETE,/cache,clear_validation_cache,354,355,370,,,,True,,
backend\api\v1\validation.py,app,GET,/alerts,get_active_alerts,374,375,404,,,,True,,
backend\api\v1\validation.py,app,GET,/alerts/summary,get_alerts_summary,407,408,421,,,,True,,
backend\api\v1\validation.py,app,POST,/alerts/{alert_id}/acknowledge,acknowledge_alert,424,425,439,,,,True,,
backend\api\v1\validation.py,app,POST,/alerts/{alert_id}/resolve,resolve_alert,442,443,457,,,,True,,
backend\api\v1\validation.py,app,POST,/alert-rules,create_alert_rule,460,461,504,,,,True,,
backend\api\v1\validation.py,app,GET,/health,validation_health_check,508,509,559,,,,True,,
backend\api\v1\workspaces.py,app,GET,/,list_workspaces,38,39,53,,,,True,,
backend\api\v1\workspaces.py,app,POST,/,create_workspace,56,57,118,,WorkspaceResponse,,True,,
backend\api\v1\workspaces.py,app,GET,/{workspace_id},get_workspace,121,122,134,,WorkspaceResponse,,True,,
backend\api\v1\workspaces.py,app,PUT,/{workspace_id},update_workspace,137,138,182,,WorkspaceResponse,,True,,
backend\api\v1\workspaces.py,app,DELETE,/{workspace_id},delete_workspace,185,186,214,,,,True,,
backend\api\v1\workspaces.py,app,GET,/{workspace_id}/settings,get_workspace_settings,217,218,230,,,,True,,
backend\api\v1\workspaces.py,app,PUT,/{workspace_id}/settings,update_workspace_settings,233,234,263,,,,True,,
backend\api\v1\workspaces.py,app,GET,/{workspace_id}/stats,get_workspace_stats,266,267,286,,,,True,,
backend\api\v1\workspaces.py,app,POST,/{workspace_id}/duplicate,duplicate_workspace,289,290,366,,,,True,,
backend\api\v1\workspaces.py,app,POST,/{workspace_id}/export,export_workspace_data,369,370,400,,,,True,,
backend\api\v1\workspaces.py,app,GET,/{workspace_id}/activity,get_workspace_activity,403,404,440,,,,True,,
backend\backend-clean\services\payment_endpoints.py,app,POST,/initiate,initiate_payment,74,75,126,,PaymentInitiateResponse,,True,,
backend\backend-clean\services\payment_endpoints.py,app,GET,/status/{merchant_order_id},get_payment_status,129,130,149,,PaymentStatusResponse,,True,,
backend\backend-clean\services\payment_endpoints.py,app,POST,/webhook,handle_webhook,152,153,188,,,,True,,
backend\backend-clean\services\payment_endpoints.py,app,POST,/refund,refund_payment,191,192,219,,RefundResponse,,True,,
backend\backend-clean\services\payment_endpoints.py,app,GET,/health,health_check,222,223,249,,,,True,,
backend\docs\api\documentation_generator.py,app,GET,/docs/openapi.json,get_openapi_json,277,278,281,,,,True,,
backend\docs\api\documentation_generator.py,app,GET,/docs/postman,get_postman_collection,283,284,287,,,,True,,
backend\docs\api\documentation_generator.py,app,GET,/docs/interactive,get_interactive_examples,289,290,293,,,,True,,
backend\docs\api\documentation_generator.py,app,GET,/docs/tutorials,get_tutorials,295,296,299,,,,True,,
backend\docs\api\documentation_generator.py,app,GET,/docs/best-practices,get_best_practices,301,302,305,,,,True,,
backend\docs\api\documentation_generator.py,app,GET,/docs/troubleshooting,get_troubleshooting,307,308,311,,,,True,,
backend\docs\interactive_docs.py,app,POST,/docs/test-api,test_api,631,632,634,,APITestResponse,,True,,
backend\docs\interactive_docs.py,app,GET,/docs/interactive,interactive_docs,636,637,639,,,,True,,
backend\domains\agents\router.py,app,POST,/tasks,create_task,29,30,45,,TaskResponse,,True,,
backend\domains\agents\router.py,app,GET,/tasks/{task_id},get_task,48,49,64,,,,True,,
backend\domains\agents\router.py,app,POST,/tasks/{task_id}/execute,execute_task,67,68,78,,,,True,,
backend\domains\agents\router.py,app,GET,/tasks,list_tasks,81,82,89,,,,True,,
backend\domains\auth\router.py,app,POST,/signup,signup,61,62,83,,AuthResponse,,True,,
backend\domains\auth\router.py,app,POST,/login,login,86,87,104,,AuthResponse,,True,,
backend\domains\auth\router.py,app,POST,/logout,logout,107,108,113,,,,True,,
backend\domains\auth\router.py,app,POST,/refresh,refresh_token,116,117,133,,,,True,,
backend\domains\auth\router.py,app,GET,/me,get_me,139,140,156,,ProfileResponse,,True,,
backend\domains\auth\router.py,app,GET,/profile/{user_id},get_profile,159,160,172,,,,True,,
backend\domains\auth\router.py,app,GET,/workspaces,list_workspaces,178,179,184,,,,True,,
backend\domains\auth\router.py,app,POST,/workspaces,create_workspace,187,188,201,,,,True,,
backend\domains\auth\router.py,app,GET,/workspaces/{workspace_id},get_workspace,204,205,220,,,,True,,
backend\domains\onboarding\router.py,app,GET,/state,get_onboarding_state,36,37,49,,,,True,,
backend\domains\onboarding\router.py,app,POST,/foundation,save_foundation,52,53,67,,,,True,,
backend\domains\onboarding\router.py,app,GET,/foundation,get_foundation,70,71,80,,,,True,,
backend\domains\onboarding\router.py,app,POST,/icps/generate,generate_icps,83,84,96,,,,True,,
backend\domains\onboarding\router.py,app,GET,/icps,get_icps,99,100,106,,,,True,,
backend\domains\payments\router.py,app,POST,/create,create_payment,35,36,61,,PaymentResponse,,True,,
backend\domains\payments\router.py,app,GET,/status/{merchant_order_id},check_payment_status,64,65,78,,,,True,,
backend\domains\payments\router.py,app,POST,/webhook,payment_webhook,81,82,92,,,,True,,
backend\domains\payments\router.py,app,GET,/history,get_payment_history,95,96,103,,,,True,,
backend\domains\payments\router.py,app,GET,/subscription,get_subscription,106,107,118,,,,True,,
backend\muse_test_server.py,app,GET,/api/v1/muse/status,get_status,282,283,285,,,,True,,
backend\muse_test_server.py,app,POST,/api/v1/muse/generate,generate_content,287,288,293,,,,True,,
backend\muse_test_server.py,app,POST,/api/v1/muse/chat,chat,295,296,301,,,,True,,
backend\muse_test_server.py,app,GET,/,root,303,304,314,,,,True,,
backend\onboarding_routes.py,app,POST,/{session_id}/steps/{step_id},update_step_data,99,100,126,,,,True,,
backend\onboarding_routes.py,app,POST,/{session_id}/steps/{step_id}/run,run_step_processing,129,130,222,,,,True,,
backend\onboarding_routes.py,app,POST,/{session_id}/vault/upload,upload_file,225,226,271,,,,True,,
backend\onboarding_routes.py,app,POST,/{session_id}/vault/url,process_url,274,275,304,,,,True,,
backend\onboarding_routes.py,app,GET,/{session_id}/vault,get_vault_contents,307,308,312,,,,True,,
backend\onboarding_routes.py,app,GET,/{session_id}/steps/{step_id},get_step_data,315,316,327,,,,True,,
backend\onboarding_routes.py,app,DELETE,/{session_id}/vault/{item_id},delete_vault_item,330,331,340,,,,True,,
backend\onboarding_routes.py,app,POST,/{session_id}/finalize,finalize_onboarding,343,344,391,,,,True,,
backend\services\sota_ocr\api.py,app,POST,/process,process_document,109,110,155,,OCRProcessingResponse,,True,,
backend\services\sota_ocr\api.py,app,POST,/process/batch,process_batch_documents,158,159,209,,BatchProcessingResponse,,True,,
backend\services\sota_ocr\api.py,app,POST,/analyze,analyze_document,212,213,246,,DocumentAnalysisResponse,,True,,
backend\services\sota_ocr\api.py,app,GET,/status,get_system_status,249,250,281,,SystemStatusResponse,,True,,
backend\services\sota_ocr\api.py,app,GET,/models/performance,get_model_performance,284,285,307,,,,True,,
backend\services\sota_ocr\api.py,app,GET,/models/available,get_available_models,310,311,465,,,,True,,
backend\services\sota_ocr\api.py,app,GET,/health,health_check,468,469,480,,,,True,,
backend\services\sota_ocr\api.py,app,GET,/config,get_configuration,483,484,510,,,,True,,
backend\services\sota_ocr\api.py,app,POST,/config/update,update_configuration,513,514,539,,,,True,,
backend\services\sota_ocr\api.py,app,GET,/metrics,get_metrics,542,543,564,,,,True,,
backend\services\sota_ocr\api.py,app,POST,/test,test_ocr_processing,567,568,623,,,,True,,
backend\simple_backend.py,app,GET,/health,health_check,234,235,257,,,,True,,
backend\simple_backend.py,app,POST,/api/v1/onboarding/{session_id}/steps/{step_id},update_step_data,260,261,286,,,,True,,
backend\simple_backend.py,app,POST,/api/v1/onboarding/{session_id}/vault/upload,upload_file,289,290,331,,,,True,,
backend\simple_backend.py,app,POST,/api/v1/onboarding/{session_id}/vault/url,process_url,334,335,369,,,,True,,
backend\simple_backend.py,app,GET,/api/v1/onboarding/{session_id}/vault,get_vault_contents,372,373,382,,,,True,,
backend\simple_backend.py,app,GET,/api/v1/onboarding/{session_id}/steps/{step_id},get_step_data,385,386,401,,,,True,,
backend\simple_backend.py,app,GET,/api/v1/onboarding/{session_id},get_session_data_endpoint,404,405,412,,,,True,,
backend\simple_backend.py,app,DELETE,/api/v1/onboarding/{session_id}/vault/{item_id},delete_vault_item,415,416,429,,,,True,,
backend\standalone_phonepe_test.py,app,GET,/,root,42,43,50,,,,True,,
backend\standalone_phonepe_test.py,app,GET,/health,health_check,53,54,60,,,,True,,
backend\standalone_phonepe_test.py,app,GET,/api/payments/v2/health,payments_health,63,64,95,,,,True,,
backend\standalone_phonepe_test.py,app,POST,/api/payments/v2/initiate,initiate_payment,98,99,153,,,,True,,
backend\standalone_phonepe_test.py,app,GET,/api/payments/v2/status/{merchant_order_id},check_payment_status,156,157,173,,,,True,,
backend\standalone_phonepe_test.py,app,POST,/api/payments/v2/webhook,handle_webhook,176,177,193,,,,True,,
backend\tests\test_backend.py,app,GET,/health,health_check,28,29,35,,,,True,,
backend\tests\test_backend.py,app,GET,/test,test_endpoint,38,39,41,,,,True,,
backend\tests\test_sentry_integration.py,app,GET,/test,test_endpoint,754,755,756,,,,True,,
backend\tests\test_sentry_integration.py,app,GET,/error,error_endpoint,758,759,760,,,,True,,
backend\tests\test_sentry_integration.py,app,POST,/test-post,test_post_endpoint,809,810,811,,,,True,,
